tokenName, marketCap, messageUrl, messageDate, messageUnixTime
PEEPO, 1138432, https://www.dextools.io/app/en/ether/pair-explorer/0x092fa97Ec3860Dd8f8f6Df8c517A026e0225b885, 2023-04-17 08:47:08+00:00, 1681735628
TIANA, 144649, https://www.dextools.io/app/en/ether/pair-explorer/0x474458ee83acCD0Ce0583fc67628917BbD9695B9, 2023-04-17 08:47:43+00:00, 1681735663
BABYPEPE, 185958, https://www.dextools.io/app/en/ether/pair-explorer/0x5C559F3ee9A81Da83e069c0093471cB05D84052A, 2023-04-17 08:48:11+00:00, 1681735691
SPACEX, 19036, https://www.dextools.io/app/en/ether/pair-explorer/0x80cD0E125956Cd7F895468CD7F714D2c9758e69d, 2023-04-17 08:59:23+00:00, 1681736363
PEPE, 18068330, https://www.dextools.io/app/en/ether/pair-explorer/0x6982508145454Ce325dDbE47a25d4ec3d2311933, 2023-04-17 09:04:08+00:00, 1681736648
$TROLL, 62291, https://www.dextools.io/app/en/ether/pair-explorer/0x2e818C4d0fa3e7931ddD6c860ee1cab12AC22080, 2023-04-17 09:24:32+00:00, 1681737872
PEPI, 34774, https://www.dextools.io/app/en/ether/pair-explorer/0xE37546Be33FF6c3Aa81cd5b554C74FbBdDEB2106, 2023-04-17 09:28:18+00:00, 1681738098
NEMBUS, 86872, https://www.dextools.io/app/en/ether/pair-explorer/0x7c472fb17890dfDA74A71e23b353bA76e6cC2300, 2023-04-17 09:55:09+00:00, 1681739709
GM, 69777, https://www.dextools.io/app/en/ether/pair-explorer/0x9a15aE96F0c2142CD60833A869fbeE2e1C4e3a77, 2023-04-17 09:55:20+00:00, 1681739720
$WAGMI, 517925, https://www.dextools.io/app/en/ether/pair-explorer/0x430d8Fe6a177F0E2c7270b51AdfdEaCAc9140a51, 2023-04-17 11:07:27+00:00, 1681744047
KERMIT, 2166752, https://www.dextools.io/app/en/ether/pair-explorer/0x53250B5DFA8C911547aFeAf18DB025024C8E919A, 2023-04-17 11:21:52+00:00, 1681744912
XAI, 2138242, https://www.dextools.io/app/en/ether/pair-explorer/0x0A13A5929e5F0ff0EABA4Bd9e9512C91fCE40280, 2023-04-17 12:15:53+00:00, 1681748153
PepeRocket, 20161, https://www.dextools.io/app/en/ether/pair-explorer/0xd999d53EE4E4c60a7A30C2F99a75f813eB978aEC, 2023-04-17 12:33:21+00:00, 1681749201
NATOR, 31044, https://www.dextools.io/app/en/ether/pair-explorer/0xCFA3b8319090B14663BD3f4f406F7eA7388E0027, 2023-04-17 12:39:32+00:00, 1681749572
0xL, 93016, https://www.dextools.io/app/en/ether/pair-explorer/0x3D5c2B994d33F5D3c0F106817d61655dfA9db236, 2023-04-17 12:56:23+00:00, 1681750583
BOBO, 170916, https://www.dextools.io/app/en/ether/pair-explorer/0x8ffc77dF6bAe60dAE682f0Bc24d94187580fee6B, 2023-04-17 14:01:44+00:00, 1681754504
Stonks, 119530, https://www.dextools.io/app/en/ether/pair-explorer/0x47C215E35e1A884c808B21f78bc2aBfcf4Dbf028, 2023-04-17 14:28:45+00:00, 1681756125
MUMU, 27305, https://www.dextools.io/app/en/ether/pair-explorer/0xC3615e7Dbc50f13E4b45B47Df11748f73D9d2Bce, 2023-04-17 14:54:56+00:00, 1681757696
CHAD, 6268, https://www.dextools.io/app/en/ether/pair-explorer/0xeEdf673bc1D7a92E92D532F5AC86F84bB36433b0, 2023-04-17 15:33:05+00:00, 1681759985
DOLAN, 50668, https://www.dextools.io/app/en/ether/pair-explorer/0x381AB19e04BD9dc333794A9F4d343daeEe3B7069, 2023-04-17 16:09:17+00:00, 1681762157
SJM, 562846, https://www.dextools.io/app/en/ether/pair-explorer/0x4448d67EA26a2Eaf286bc1045005f4CF15aaBa11, 2023-04-17 16:19:30+00:00, 1681762770
CFROG, 34707, https://www.dextools.io/app/en/ether/pair-explorer/0xEa1D277c211b233333CF123FFc5E091FC31715b3, 2023-04-17 16:42:09+00:00, 1681764129
ELMO, 73111, https://www.dextools.io/app/en/ether/pair-explorer/0xCFC5AB97783539151d57B795fe56dA43407a2b33, 2023-04-17 17:22:43+00:00, 1681766563
WOJAK, 417903, https://www.dextools.io/app/en/ether/pair-explorer/0x2Ef0d1304e79E21bb049Ce9A7FFFd4a475c9Cf21, 2023-04-17 17:35:28+00:00, 1681767328
NGMI, 38184, https://www.dextools.io/app/en/ether/pair-explorer/0x6B495c740f38dfecAe84F72AF7adA602aE25c3Fb, 2023-04-17 17:55:53+00:00, 1681768553
BUIDL, 129249, https://www.dextools.io/app/en/ether/pair-explorer/0x80f75fc7344fb91064Cd96d601C7907045f3Cfc6, 2023-04-17 17:59:12+00:00, 1681768752
NOTI, 90404, https://www.dextools.io/app/en/ether/pair-explorer/0xB4efd0C47c18C66aa180a69047Ecb43509fD87C5, 2023-04-17 18:17:56+00:00, 1681769876
KEKW, 45053, https://www.dextools.io/app/en/ether/pair-explorer/0x1a18986638857A07db927Fa65bCe50AeF81DB44E, 2023-04-17 18:21:28+00:00, 1681770088
HRP, 81687, https://www.dextools.io/app/en/ether/pair-explorer/0xbd15Ad921e1B480209AF549874a2fCb80DC312Bf, 2023-04-17 18:32:56+00:00, 1681770776
SEMI, 191208, https://www.dextools.io/app/en/ether/pair-explorer/0x0cc1b0D7B94854095B7538Ff8a05e2879258bE07, 2023-04-17 18:47:18+00:00, 1681771638
ERNIE, 4291, https://www.dextools.io/app/en/ether/pair-explorer/0x2679bd7f2D2a6E872b61D995ED6a9593240C6ac8, 2023-04-17 19:18:14+00:00, 1681773494
BEBE, 173094, https://www.dextools.io/app/en/ether/pair-explorer/0xe619634d54E1A850ca080133726E36036f40Ec21, 2023-04-17 19:37:02+00:00, 1681774622
SUPREME, 2491629591088615, https://www.dextools.io/app/en/ether/pair-explorer/0x4bB627c8ae2C10a1D22a0233fef1007DfE5b2030, 2023-04-17 19:39:03+00:00, 1681774743
KEKINU, 231054, https://www.dextools.io/app/en/ether/pair-explorer/0x9d712A2a6Fe6Be4bc5Cbd2b55a0F5bE3e6797D4f, 2023-04-17 19:52:16+00:00, 1681775536
HODL, 87387, https://www.dextools.io/app/en/ether/pair-explorer/0x9E4571AAd5F1b7dE594b36EBCfA045320A709222, 2023-04-17 21:09:54+00:00, 1681780194
TRUTH, 648307, https://www.dextools.io/app/en/ether/pair-explorer/0xAF75d880b3128981D1fEd3292Fc02E3FB37Acd53, 2023-04-17 21:19:45+00:00, 1681780785
API, 7201, https://www.dextools.io/app/en/ether/pair-explorer/0x83276cbadeB8BEf5fb055B4c90f4d8af90327F77, 2023-04-17 22:21:43+00:00, 1681784503
FROGGER, 236323, https://www.dextools.io/app/en/ether/pair-explorer/0x7089108587c72EfCE36e0c7d38FC8e0ec389956C, 2023-04-17 22:56:42+00:00, 1681786602
TRUTH AI, 7308, https://www.dextools.io/app/en/ether/pair-explorer/0xE46d4C55aFceF534F3624222678240547079767e, 2023-04-17 23:04:56+00:00, 1681787096
COOKIEMONSTER, 18897, https://www.dextools.io/app/en/ether/pair-explorer/0x56C33F741A53b317ac08B21863A9681B94cf7E08, 2023-04-18 00:12:09+00:00, 1681791129
MAGI, 161052, https://www.dextools.io/app/en/ether/pair-explorer/0x3dAA80ed8C3A91D746dd1eB30D254816cEe6b448, 2023-04-18 00:37:08+00:00, 1681792628
FLORK, 65723, https://www.dextools.io/app/en/ether/pair-explorer/0xcE82213C4bAE42e1c04880EA64A53eEf73E195dE, 2023-04-18 00:58:18+00:00, 1681793898
BOG, 28745, https://www.dextools.io/app/en/ether/pair-explorer/0xC3c088236b4a93059CE8673cD6BB46c61fa3EF12, 2023-04-18 01:29:03+00:00, 1681795743
FRENS, 64899, https://www.dextools.io/app/en/ether/pair-explorer/0x8d8813517a06A0C8ef6dC5Ca24Ba590FEEb65ff0, 2023-04-18 01:56:56+00:00, 1681797416
MEME, 129816, https://www.dextools.io/app/en/ether/pair-explorer/0x008416646f5dCb51Ee7F6433B14503591dD1Eb13, 2023-04-18 02:41:21+00:00, 1681800081
Milady, 101328, https://www.dextools.io/app/en/ether/pair-explorer/0x6E39E0FD917bf9963CaA98A8c77b131ABB426cFD, 2023-04-18 02:50:29+00:00, 1681800629
COOM, 67373, https://www.dextools.io/app/en/ether/pair-explorer/0x7cc24Ce7D10f2AE41600A87b8E9e015f4762fD33, 2023-04-18 02:59:30+00:00, 1681801170
COPEPE, 145264, https://www.dextools.io/app/en/ether/pair-explorer/0x8DCE1324Ba244EfD81Afd4000741FD9CC7095cEb, 2023-04-18 03:30:08+00:00, 1681803008
BOGGED, 30761, https://www.dextools.io/app/en/ether/pair-explorer/0xFd90b3536539Fa313B37c31b15836E90c6158710, 2023-04-18 04:02:10+00:00, 1681804930
BIG BIRD, 31866, https://www.dextools.io/app/en/ether/pair-explorer/0x067f66122c09D59f809671d33692fE816db07f6F, 2023-04-18 04:51:22+00:00, 1681807882
ANON, 110129, https://www.dextools.io/app/en/ether/pair-explorer/0x86bcD9b1C2B8F99cA2737f136ed02e3Af971E8b5, 2023-04-18 04:52:30+00:00, 1681807950
BONK, 10974, https://www.dextools.io/app/en/ether/pair-explorer/0x6739d08eC31852707cD1DcC998DA53524d99258E, 2023-04-18 05:14:35+00:00, 1681809275
SHIT, 26375, https://www.dextools.io/app/en/ether/pair-explorer/0x27b571BF700800eA070d183B1723B78B3Bc07196, 2023-04-18 05:40:22+00:00, 1681810822
PETER, 51027, https://www.dextools.io/app/en/ether/pair-explorer/0x2710db8Bd88e51c6a865bC494F3F404f271E49a9, 2023-04-18 05:49:32+00:00, 1681811372
POG, 119156, https://www.dextools.io/app/en/ether/pair-explorer/0xEd1678Ca14aed564FF321E5F4E57B906bda113A8, 2023-04-18 06:15:06+00:00, 1681812906
Sminem, 128101, https://www.dextools.io/app/en/ether/pair-explorer/0x1D3f243f80A25D941D74d4F69188dA15851e8e76, 2023-04-18 06:54:14+00:00, 1681815254
BONGO, 30236, https://www.dextools.io/app/en/ether/pair-explorer/0x7683B37D7f7E0BD92734D8Ab5B6C78521d3E6e9d, 2023-04-18 06:56:19+00:00, 1681815379
CHEEMS, 44890, https://www.dextools.io/app/en/ether/pair-explorer/0x73476a2595d856758a99c3058411396d2727aB7C, 2023-04-18 06:58:15+00:00, 1681815495
DEGEN, 158541, https://www.dextools.io/app/en/ether/pair-explorer/0xb27b907C2De4A2bf87C14Fe503cf7eA4388451D5, 2023-04-18 07:47:57+00:00, 1681818477
WAGIE, 60429, https://www.dextools.io/app/en/ether/pair-explorer/0x2dC6962af8a59eb7b113e5EcCA42fCE225a8b607, 2023-04-18 08:43:15+00:00, 1681821795
SOYJACK, 50461, https://www.dextools.io/app/en/ether/pair-explorer/0x2BBd52624F3d4d6e81545723b620a36cfed57E88, 2023-04-18 09:15:21+00:00, 1681823721
TRADGIRL, 82044, https://www.dextools.io/app/en/ether/pair-explorer/0x8a6Ba30F6e51736EFeC0174194A4eeEbaEBB8f2f, 2023-04-18 09:43:08+00:00, 1681825388
SPOM, 35811, https://www.dextools.io/app/en/ether/pair-explorer/0x70F829F99b0EFFCedf40Ea8A0D7E2Fb71449739c, 2023-04-18 10:50:30+00:00, 1681829430
PEPEG, 69477, https://www.dextools.io/app/en/ether/pair-explorer/0xBBE1bdE61399078B34a5eA4381ff305832B910b4, 2023-04-18 11:22:55+00:00, 1681831375
PANDA, 50578, https://www.dextools.io/app/en/ether/pair-explorer/0x363A6DDB71376c40381aa0B1B259c888Cd5Fe202, 2023-04-18 11:45:40+00:00, 1681832740
STACY, 80880, https://www.dextools.io/app/en/ether/pair-explorer/0x9ac845fC754d9D076D7e988ed6FCb79ACF6baae4, 2023-04-18 12:21:33+00:00, 1681834893
SIGMA, 17207, https://www.dextools.io/app/en/ether/pair-explorer/0x18a8D75F70eAEad79B5A55903D036ce337F623A5, 2023-04-18 12:35:15+00:00, 1681835715
RTRD, 23316, https://www.dextools.io/app/en/ether/pair-explorer/0x76309a871297B2874601687d3F8929Ff18a2596D, 2023-04-18 13:02:10+00:00, 1681837330
SUPER, 189820122, https://www.dextools.io/app/en/ether/pair-explorer/0xe53EC727dbDEB9E2d5456c3be40cFF031AB40A55, 2023-04-18 13:28:56+00:00, 1681838936
BOOMERCOIN, 100848, https://www.dextools.io/app/en/ether/pair-explorer/0xBD9578a5F9bc074D1fb2F4B0bB251c82856012E7, 2023-04-18 13:38:56+00:00, 1681839536
$RIC, 137021, https://www.dextools.io/app/en/ether/pair-explorer/0x468505263d2B1C9Bf13A4e1542E97DCFA22A2C24, 2023-04-18 13:45:11+00:00, 1681839911
HASBULLA, 29411, https://www.dextools.io/app/en/ether/pair-explorer/0x018EB80Bbbd412bbE94bD49cC43Ce84d6ed9ef75, 2023-04-18 14:35:31+00:00, 1681842931
Grumpy, 99809, https://www.dextools.io/app/en/ether/pair-explorer/0x6511473a6e6FdAfD8083DD4dCE030Aa877D3e24d, 2023-04-18 14:54:43+00:00, 1681844083
ZOOTED, 282071, https://www.dextools.io/app/en/ether/pair-explorer/0xe23ce59A64D95Ec426B7D47C2718930F92c12574, 2023-04-18 15:04:46+00:00, 1681844686
Take my money, 47615, https://www.dextools.io/app/en/ether/pair-explorer/0xc147Fe1c7a17BF05905F26522f68C14370A914A8, 2023-04-18 15:27:33+00:00, 1681846053
WOCHANG, 67063, https://www.dextools.io/app/en/ether/pair-explorer/0x8e9B5B16D593155aEFB56013276A6935f99E4863, 2023-04-18 15:48:44+00:00, 1681847324
WAGMI, 147107, https://www.dextools.io/app/en/ether/pair-explorer/0xED81C1AB53d629BD49edCd948157E6Fb430812cD, 2023-04-18 16:07:20+00:00, 1681848440
MISSPEPE, 88063, https://www.dextools.io/app/en/ether/pair-explorer/0xC7957c3967A9aDa1630f862891c0e419AF2e6489, 2023-04-18 16:37:19+00:00, 1681850239
NYAN, 99551, https://www.dextools.io/app/en/ether/pair-explorer/0x48f9Cf3A304B6Cf6a4dFCF47CA378fBa40354b2f, 2023-04-18 16:53:09+00:00, 1681851189
ALONE, 15298, https://www.dextools.io/app/en/ether/pair-explorer/0x376Ff9CcdB941c5f9e74Fd0303222B17AA4ECc07, 2023-04-18 17:22:18+00:00, 1681852938
BPEPE, 206887, https://www.dextools.io/app/en/ether/pair-explorer/0xED5aD5963C3173e24347Ec6f5B8fAeb82f7287e6, 2023-04-18 17:53:55+00:00, 1681854835
NPC, 47723, https://www.dextools.io/app/en/ether/pair-explorer/0x29C032f76719bc6000F018174E9054640234b99F, 2023-04-18 17:59:19+00:00, 1681855159
420, 369385, https://www.dextools.io/app/en/ether/pair-explorer/0x8963C85dC6CB4d3E9295DA8c4B2A97330C9a3982, 2023-04-18 18:20:08+00:00, 1681856408
GUD, 185043, https://www.dextools.io/app/en/ether/pair-explorer/0x4e56915C782803962Fae0394a907f5535E50392e, 2023-04-18 18:39:09+00:00, 1681857549
BONZI, 2279921, https://www.dextools.io/app/en/ether/pair-explorer/0xa41B758eD77302CC4Ad12Fe661016394224492B8, 2023-04-18 18:51:07+00:00, 1681858267
TRAD, 2086688, https://www.dextools.io/app/en/ether/pair-explorer/0x2718fEDFc22CC6d727932c8424993218B0AcB859, 2023-04-18 20:22:20+00:00, 1681863740
POM, 449728, https://www.dextools.io/app/en/ether/pair-explorer/0xC8A0F3E7163f07a7Bd3025ecfc6341f130583BB2, 2023-04-18 20:35:19+00:00, 1681864519
KAREN, 88672, https://www.dextools.io/app/en/ether/pair-explorer/0x34c778ceE4DcF513527ed406DE72F1951bfD82e2, 2023-04-18 20:47:45+00:00, 1681865265
APED, 513692, https://www.dextools.io/app/en/ether/pair-explorer/0xE0151763455A8a021e64880C238ba1cff3787fF0, 2023-04-18 21:14:06+00:00, 1681866846
HAROLD, 219197, https://www.dextools.io/app/en/ether/pair-explorer/0x3c03570B394A42a251Cf2E4F6918FDA79c53C147, 2023-04-18 21:24:33+00:00, 1681867473
WAIFU, 228293, https://www.dextools.io/app/en/ether/pair-explorer/0x069516F60816Bc1ddb362048C015Dd814353f74B, 2023-04-18 21:32:20+00:00, 1681867940
AYAYA, 18818, https://www.dextools.io/app/en/ether/pair-explorer/0xDaBEEe645c9c9570cA73A1Bf0DF9a3EC482F4DF5, 2023-04-18 22:10:08+00:00, 1681870208
GENSLR, 139335, https://www.dextools.io/app/en/ether/pair-explorer/0x7CfdeD31dDc513BfA6581a1528662C7A16F600f5, 2023-04-18 22:38:42+00:00, 1681871922
Tuzki, 40506, https://www.dextools.io/app/en/ether/pair-explorer/0xf636D79e309E8FCed6196c2184f3D4e854298212, 2023-04-18 22:54:29+00:00, 1681872869
DOOMER, 65362, https://www.dextools.io/app/en/ether/pair-explorer/0x04b77A1be2981c1Ca353aaf251b0F11398413bFA, 2023-04-18 23:01:19+00:00, 1681873279
KEK, 106278, https://www.dextools.io/app/en/ether/pair-explorer/0x51ef29d2f61f9ABBB50624205F7B0946EFb8853C, 2023-04-18 23:04:34+00:00, 1681873474
FADED, 56591, https://www.dextools.io/app/en/ether/pair-explorer/0x6d909c80366c21Cb94872808fC092e7fB0f85CB6, 2023-04-18 23:34:56+00:00, 1681875296
GOV, 5246436, https://www.dextools.io/app/en/ether/pair-explorer/0x6CaF5D435546770Acf9B790EfD90DA8Eb7D8744B, 2023-04-19 00:02:50+00:00, 1681876970
KENTA, 40500, https://www.dextools.io/app/en/ether/pair-explorer/0xc6d735ADd182F344d2A8D122A923F5A8f5863aCF, 2023-04-19 00:26:55+00:00, 1681878415
BC, 260606, https://www.dextools.io/app/en/ether/pair-explorer/0x58f121917A75DB7BFddad151000030ad4E7F5933, 2023-04-19 00:36:45+00:00, 1681879005
HONK, 225954, https://www.dextools.io/app/en/ether/pair-explorer/0x5efcEA234f7547de4569aad1215FA5D2adACeD38, 2023-04-19 01:12:21+00:00, 1681881141
M00N, 58831, https://www.dextools.io/app/en/ether/pair-explorer/0x85D02f49F83a0302641c6Acd7196AbDe1011b77C, 2023-04-19 01:16:20+00:00, 1681881380
BTFD, 62630, https://www.dextools.io/app/en/ether/pair-explorer/0x6DF905212a0E48583D2DBB5F3Bc918988F743996, 2023-04-19 01:44:20+00:00, 1681883060
PEPEMOON, 451563, https://www.dextools.io/app/en/ether/pair-explorer/0x420690047F2Df28E0CC6dD866333AEa9A14B67fe, 2023-04-19 01:45:19+00:00, 1681883119
MOON, 63251, https://www.dextools.io/app/en/ether/pair-explorer/0x02e784A470A2698717A7290962c61101830D8556, 2023-04-19 02:11:19+00:00, 1681884679
DERP, 33485, https://www.dextools.io/app/en/ether/pair-explorer/0x3e3dF257425fA4e8A54d8A5EfA6f13C534E1855B, 2023-04-19 02:50:16+00:00, 1681887016
$BEL, 26037, https://www.dextools.io/app/en/ether/pair-explorer/0xE0BDA44F6434ABB17b3012eCa128018205BD56A9, 2023-04-19 03:24:20+00:00, 1681889060
THROG, 23322, https://www.dextools.io/app/en/ether/pair-explorer/0x457E52a6B0553D72a23258F2224e9E2a605317A7, 2023-04-19 03:25:57+00:00, 1681889157
FLRBRG, 559202, https://www.dextools.io/app/en/ether/pair-explorer/0x0E11D4FA818A7489E1B26f9B8d6bBCFF1C641DE0, 2023-04-19 03:53:06+00:00, 1681890786
LAELAPS, 101315, https://www.dextools.io/app/en/ether/pair-explorer/0x6C059413686565D5aD6cce6EED7742c42DbC44CA, 2023-04-19 04:54:33+00:00, 1681894473
NOOT, 57873, https://www.dextools.io/app/en/ether/pair-explorer/0xC126c666039f37c88EBa9849c011A0686273F624, 2023-04-19 05:17:29+00:00, 1681895849
PEPEC, 70241, https://www.dextools.io/app/en/ether/pair-explorer/0x0E93dAa444fBa1B594A36ac2a8f69F9266630504, 2023-04-19 05:19:31+00:00, 1681895971
PEPA, 409131, https://www.dextools.io/app/en/ether/pair-explorer/0x577Fee283e776eec29C9E4d258431982780a38A8, 2023-04-19 05:20:41+00:00, 1681896041
COPE, 267070, https://www.dextools.io/app/en/ether/pair-explorer/0xD8E163967FED76806Df0097B704bA721B9b37656, 2023-04-19 05:48:42+00:00, 1681897722
PEPINU, 32313, https://www.dextools.io/app/en/ether/pair-explorer/0x67e7445C8B1D834753732D98445d3d24719FD94C, 2023-04-19 06:32:34+00:00, 1681900354
FGM, 220638, https://www.dextools.io/app/en/ether/pair-explorer/0x1f19D846D99a0E75581913B64510fE0e18BBc31F, 2023-04-19 06:53:54+00:00, 1681901634
SEETHE, 236209, https://www.dextools.io/app/en/ether/pair-explorer/0x6b9eEAf93f68E203896C7C44288d4FFa75eD352F, 2023-04-19 07:18:08+00:00, 1681903088
STEVE, 73779, https://www.dextools.io/app/en/ether/pair-explorer/0x2219A7e76C8888fcCC27dBA4F4583B80583868CE, 2023-04-19 07:30:30+00:00, 1681903830
MISSOR, 104302, https://www.dextools.io/app/en/ether/pair-explorer/0x98a28D205025494e35003AC2A1A7a2Dcbc88B9Cc, 2023-04-19 07:46:09+00:00, 1681904769
PEGE, 122897, https://www.dextools.io/app/en/ether/pair-explorer/0x31DEB78f70bc0a432ab16F884E8926D388D5738f, 2023-04-19 08:03:30+00:00, 1681905810
TROLL, 698547, https://www.dextools.io/app/en/ether/pair-explorer/0xf8ebf4849F1Fa4FaF0DFF2106A173D3A6CB2eB3A, 2023-04-19 08:45:54+00:00, 1681908354
ROTATOR, 26783, https://www.dextools.io/app/en/ether/pair-explorer/0x14d0f1D9A0D14C9860A0911A5008aeEb60f10531, 2023-04-19 09:12:03+00:00, 1681909923
BTMN, 207304, https://www.dextools.io/app/en/ether/pair-explorer/0x1cC55ED1Ae62C5D9E3ed1e0d6c837fe94a179F6E, 2023-04-19 09:28:05+00:00, 1681910885
PEJOK, 13248, https://www.dextools.io/app/en/ether/pair-explorer/0xA59AF324174215B0224c0E9d4b6a47A0e9041f6a, 2023-04-19 10:33:43+00:00, 1681914823
POGGERS, 45443, https://www.dextools.io/app/en/ether/pair-explorer/0x07B9C0964D3E8734D65AeA20C37334C2528cA601, 2023-04-19 11:31:32+00:00, 1681918292
PEPE2.0, 110600, https://www.dextools.io/app/en/ether/pair-explorer/0xFfB2a0dDb9193e07d48475BE270EAC5eD0c08A6C, 2023-04-19 12:21:18+00:00, 1681921278
MSPAINT, 36551, https://www.dextools.io/app/en/ether/pair-explorer/0xC2a6CB73894D32821F356Fb17469Bc47929733D5, 2023-04-19 13:23:59+00:00, 1681925039
SPONGE, 155015, https://www.dextools.io/app/en/ether/pair-explorer/0x1b73403A03ee0e6a5421f0D371c5Ab8425558a10, 2023-04-19 13:34:29+00:00, 1681925669
FKPEPE, 740821, https://www.dextools.io/app/en/ether/pair-explorer/0x082646B22A3960DA69eF7A778c16dd6fb85Dd999, 2023-04-19 13:49:25+00:00, 1681926565
WASSIE, 444949, https://www.dextools.io/app/en/ether/pair-explorer/0x0455dEeEac52AA0D3c49Abc5268b671FacB54AF5, 2023-04-19 13:59:31+00:00, 1681927171
FOMO, 127828, https://www.dextools.io/app/en/ether/pair-explorer/0x30E4da00BcbfC721D61F4E60d5bE3Feb07f4A586, 2023-04-19 14:20:08+00:00, 1681928408
CUCK, 372358, https://www.dextools.io/app/en/ether/pair-explorer/0x5BDDC640BA96C4dF3dAd3a6d64012469a778cC9c, 2023-04-19 14:32:07+00:00, 1681929127
PN, 167466, https://www.dextools.io/app/en/ether/pair-explorer/0x3f13B312a0eE91763523353B8Bde8166a02b9315, 2023-04-19 14:32:20+00:00, 1681929140
SAFU, 134675, https://www.dextools.io/app/en/ether/pair-explorer/0xaBD9Ef7183a22fDF0caEd1915b06624A967ef587, 2023-04-19 15:03:11+00:00, 1681930991
LIGMA, 24199, https://www.dextools.io/app/en/ether/pair-explorer/0x8423b100f880904c57003fFa8e0d925E16B251b8, 2023-04-19 15:32:10+00:00, 1681932730
FAP, 73513, https://www.dextools.io/app/en/ether/pair-explorer/0x6a8DF6fD09Af0786ef534dA818C3928ed9187559, 2023-04-19 16:00:53+00:00, 1681934453
SEND, 63819, https://www.dextools.io/app/en/ether/pair-explorer/0x347bff622f5e1F770538267a0Edc4f2915CdE5C5, 2023-04-19 16:41:03+00:00, 1681936863
BRAINLET, 74294, https://www.dextools.io/app/en/ether/pair-explorer/0x04D7Dc53059Cc6e79384558caefB7fE5d1EAF93b, 2023-04-19 16:42:46+00:00, 1681936966
CHEESED, 7591, https://www.dextools.io/app/en/ether/pair-explorer/0xaF77995E84B4092331eE8F23B8d6fdd2FA30c1C9, 2023-04-19 16:51:52+00:00, 1681937512
ATH, 29287, https://www.dextools.io/app/en/ether/pair-explorer/0x4D0a8Be2e921c19e93E41E895C973f6cC24863Fb, 2023-04-19 17:18:57+00:00, 1681939137
GW, 10484, https://www.dextools.io/app/en/ether/pair-explorer/0x19B90F8C987668c1DA632F5044648c80CcE4e458, 2023-04-19 17:28:51+00:00, 1681939731
BLEPE, 109443, https://www.dextools.io/app/en/ether/pair-explorer/0x126e288fD6A5191d1ad657e0Ff7be582cbB9d00b, 2023-04-19 17:31:08+00:00, 1681939868
Trumpepe, 48148, https://www.dextools.io/app/en/ether/pair-explorer/0xd87D1801BE527c81A86568935B51928927e44906, 2023-04-19 17:45:42+00:00, 1681940742
SCGMELONKISHUFLOKIMOON, 17489, https://www.dextools.io/app/en/ether/pair-explorer/0x39E17e5AdC7EE4FB16b735DdB47391E1deA82D45, 2023-04-19 18:09:43+00:00, 1681942183
BWOJAK, 27274, https://www.dextools.io/app/en/ether/pair-explorer/0xE5B2394b050bCba2e9B0F04602A178e710431F69, 2023-04-19 18:32:21+00:00, 1681943541
DODO, 81990, https://www.dextools.io/app/en/ether/pair-explorer/0x026566b39cBB7f4e072a0F74dC08e3C48B945cf1, 2023-04-19 18:53:31+00:00, 1681944811
MONKE, 116378, https://www.dextools.io/app/en/ether/pair-explorer/0x5B8eDB7382CDca30A2f4FddF03FE2D4EBcaeA1cc, 2023-04-19 19:03:32+00:00, 1681945412
SLURP, 36939, https://www.dextools.io/app/en/ether/pair-explorer/0xF98284769A0f4B318Ab8869E96392C51Ebd760bf, 2023-04-19 19:04:45+00:00, 1681945485
VAPOR, 860541, https://www.dextools.io/app/en/ether/pair-explorer/0xBF18e270b0469844c9d26736c3054E2762DdA2c5, 2023-04-19 19:12:06+00:00, 1681945926
PEPEBF, 46625, https://www.dextools.io/app/en/ether/pair-explorer/0x85Ba3613920D33B9D27F460f5EBAc0C9c119B692, 2023-04-19 19:24:13+00:00, 1681946653
HYPNOTOAD, 6333, https://www.dextools.io/app/en/ether/pair-explorer/0x512E374C92a36ae2d44b89E429ae44b95590BD74, 2023-04-19 19:58:31+00:00, 1681948711
LED, 170971, https://www.dextools.io/app/en/ether/pair-explorer/0xea2928C99833260A61c1985CF793A729ff9434B4, 2023-04-19 20:11:10+00:00, 1681949470
SAD, 80538, https://www.dextools.io/app/en/ether/pair-explorer/0xAe16bF3ce7e33a78E4b681A0D760AF9141b3f8cf, 2023-04-19 20:16:22+00:00, 1681949782
GRUG, 47232, https://www.dextools.io/app/en/ether/pair-explorer/0xC7fFeD559B920F191CA3c32031d4b5582f4Fe743, 2023-04-19 20:25:19+00:00, 1681950319
DEEZNUTS, 17156, https://www.dextools.io/app/en/ether/pair-explorer/0xcFD61204926E9f841C63BC1173Ca790e6cD0B69C, 2023-04-19 20:27:47+00:00, 1681950467
BAPED, 32862, https://www.dextools.io/app/en/ether/pair-explorer/0x38DFc7942AF3071C0464def32222338687C12c18, 2023-04-19 21:03:28+00:00, 1681952608
PLEB, 146735, https://www.dextools.io/app/en/ether/pair-explorer/0xe19f85c920B572cA48942315B06D6cAc86585c87, 2023-04-19 21:16:33+00:00, 1681953393
BOB, 10762, https://www.dextools.io/app/en/ether/pair-explorer/0x7D8146cf21e8D7cbe46054e01588207b51198729, 2023-04-19 21:56:58+00:00, 1681955818
Hasbulla, 280788, https://www.dextools.io/app/en/ether/pair-explorer/0x998789bdd8E1C0e76409faC7EF7def5651e1d063, 2023-04-19 22:18:38+00:00, 1681957118
dawae, 134034, https://www.dextools.io/app/en/ether/pair-explorer/0xE0E5Be82D9D37363e410D764137568c85417ed15, 2023-04-19 23:19:42+00:00, 1681960782
PP, 84212, https://www.dextools.io/app/en/ether/pair-explorer/0x1B2f3A4AC479EeB7285540cE6248995D1E06eB90, 2023-04-20 00:03:56+00:00, 1681963436
PEDO, 69893, https://www.dextools.io/app/en/ether/pair-explorer/0x6b0149B3E881468B6cA415eE554D97502103A2A6, 2023-04-20 01:04:58+00:00, 1681967098
MW, 35299, https://www.dextools.io/app/en/ether/pair-explorer/0x2621E059091891Bd8991F72C4093d9407bf7861F, 2023-04-20 01:12:46+00:00, 1681967566
PEPEP, 26741, https://www.dextools.io/app/en/ether/pair-explorer/0xf358E459DaddF21249E4E02B028D30Da4af964cb, 2023-04-20 01:15:45+00:00, 1681967745
FADE, 217931, https://www.dextools.io/app/en/ether/pair-explorer/0xBc18ef9fAB277dB6FEFF3E2e83fC7d8914A375d2, 2023-04-20 01:19:56+00:00, 1681967996
CHUD, 45034, https://www.dextools.io/app/en/ether/pair-explorer/0x4BD15398B6B7b96B54F6e0E9C3AFCC22118F3fcb, 2023-04-20 02:41:08+00:00, 1681972868
RICK, 37990, https://www.dextools.io/app/en/ether/pair-explorer/0x38d0759bE9e121351A2AAa5153FA64AA06c4097a, 2023-04-20 03:32:59+00:00, 1681975979
$GN, 300899, https://www.dextools.io/app/en/ether/pair-explorer/0x8BCABF06af6f2189c25f017F3BD815D48AcBE226, 2023-04-20 03:34:07+00:00, 1681976047
BABYWOJAK, 61233, https://www.dextools.io/app/en/ether/pair-explorer/0xb94E1B3f22601c15494948C8295CB776C87a369E, 2023-04-20 03:40:28+00:00, 1681976428
BOOBA, 42147, https://www.dextools.io/app/en/ether/pair-explorer/0x67B6ad469189b7c771b48897FD73603183F3949b, 2023-04-20 04:08:42+00:00, 1681978122
MEMEME, 1282625, https://www.dextools.io/app/en/ether/pair-explorer/0x1A963Df363D01EEBB2816b366d61C917F20e1EbE, 2023-04-20 04:15:58+00:00, 1681978558
OOGA, 19253, https://www.dextools.io/app/en/ether/pair-explorer/0x06e8AD9c9F1e7e198CeC810B3fAAf4236Ce14F27, 2023-04-20 04:27:31+00:00, 1681979251
Normie, 62165, https://www.dextools.io/app/en/ether/pair-explorer/0x34e83343421eF54Da78e0BCD804857cc450c6232, 2023-04-20 04:44:29+00:00, 1681980269
$PEPEPE, 28000, https://www.dextools.io/app/en/ether/pair-explorer/0x9886844e50499e127708590E22B813D5D5AA8962, 2023-04-20 05:14:56+00:00, 1681982096
Grass, 162123, https://www.dextools.io/app/en/ether/pair-explorer/0xe93d6c8D2FBC9c84dB778e125d4863F6f2E7395f, 2023-04-20 05:15:20+00:00, 1681982120
HIGH, 51807, https://www.dextools.io/app/en/ether/pair-explorer/0xDBF93634878c04959f83C51DCD1E1a5C964B22Fd, 2023-04-20 05:27:54+00:00, 1681982874
BOZO, 737554, https://www.dextools.io/app/en/ether/pair-explorer/0x8aC4855B59Ce5227d343983f73a4c14FF6241B4c, 2023-04-20 05:56:02+00:00, 1681984562
DOPE, 707666, https://www.dextools.io/app/en/ether/pair-explorer/0x7Dc35B72EaAdaaF024F408Fac46876Fcef84A307, 2023-04-20 06:31:19+00:00, 1681986679
PRINT, 275740, https://www.dextools.io/app/en/ether/pair-explorer/0x5EB3a109e7Cb1456be2501C6B175E180Ec9145Cc, 2023-04-20 06:40:58+00:00, 1681987258
PEPEPE, 67919, https://www.dextools.io/app/en/ether/pair-explorer/0xE71e69C8B8C31a97C8E8cA65Bffc95089b477858, 2023-04-20 07:01:04+00:00, 1681988464
DS, 50778, https://www.dextools.io/app/en/ether/pair-explorer/0x385108Cf2232956DF973D06F5eCD2D7D4A2A92b7, 2023-04-20 07:49:18+00:00, 1681991358
ZAZA, 57251, https://www.dextools.io/app/en/ether/pair-explorer/0xdb5e01CE46c2328B70913CbE10039dF9DC113826, 2023-04-20 08:53:41+00:00, 1681995221
BAKA, 94978, https://www.dextools.io/app/en/ether/pair-explorer/0x534003Ec4Dc1BF4546B475d9D9723d581c94c620, 2023-04-20 08:54:40+00:00, 1681995280
GROYPER, 20430, https://www.dextools.io/app/en/ether/pair-explorer/0xe5a930E31c396136803348fd211C54252b7F2Dd2, 2023-04-20 09:09:30+00:00, 1681996170
HIGH PEPE, 76802, https://www.dextools.io/app/en/ether/pair-explorer/0xD2f84964228478dF0A2d032a1636c5febaa5425a, 2023-04-20 09:23:56+00:00, 1681997036
PIGEON, 82384, https://www.dextools.io/app/en/ether/pair-explorer/0x18FECAB996C9e99A1F8447eF913B3F1a3E36642a, 2023-04-20 09:42:22+00:00, 1681998142
FROG, 20826, https://www.dextools.io/app/en/ether/pair-explorer/0x302dD256C644E762016508c28dA496224a71d5C9, 2023-04-20 09:45:20+00:00, 1681998320
SPEPE, 19478, https://www.dextools.io/app/en/ether/pair-explorer/0xf12fC37Da7C467b96020fce09B47B59a3b23434c, 2023-04-20 10:23:08+00:00, 1682000588
CNO, 35601, https://www.dextools.io/app/en/ether/pair-explorer/0x2a2E0882049fCEE18F416f01A7AF9b0111bbd734, 2023-04-20 10:50:30+00:00, 1682002230
WEN, 108639, https://www.dextools.io/app/en/ether/pair-explorer/0xF620BA1D9fEe590Bf6B8f1c2991f19CF43f829dF, 2023-04-20 11:21:18+00:00, 1682004078
APU, 323134, https://www.dextools.io/app/en/ether/pair-explorer/0x0B88B6e09718A4c9FAfe4acDdA2b07A5FB83897B, 2023-04-20 11:30:23+00:00, 1682004623
FKWOJAK, 39673, https://www.dextools.io/app/en/ether/pair-explorer/0xaA0de51DeAb3A9272b83a810056c2f4036E60475, 2023-04-20 11:33:07+00:00, 1682004787
dogejak, 73048, https://www.dextools.io/app/en/ether/pair-explorer/0x7e931f31b742977ed673dE660e54540B45959447, 2023-04-20 13:04:10+00:00, 1682010250
HPEPE, 29317, https://www.dextools.io/app/en/ether/pair-explorer/0x47383e50335855Be8355a8BaDF6a70440D51F946, 2023-04-20 13:05:33+00:00, 1682010333
GOAT, 101568, https://www.dextools.io/app/en/ether/pair-explorer/0x9977bf67fCd2B5dBb8faDFBB94c08FE238ba9795, 2023-04-20 13:06:07+00:00, 1682010367
PEPE420, 53162, https://www.dextools.io/app/en/ether/pair-explorer/0xBa0E4c1d5Ff5b3c805E7b1C57AceB10de7B208Ad, 2023-04-20 13:17:21+00:00, 1682011041
YOBASE, 88865, https://www.dextools.io/app/en/ether/pair-explorer/0x551D0501Cd5Df92663C3d12c3201c9D70ba79998, 2023-04-20 13:50:05+00:00, 1682013005
SNAIL, 6214550, https://www.dextools.io/app/en/ether/pair-explorer/0x6Bc40d4099f9057b23aF309C08d935b890d7Adc0, 2023-04-20 15:13:19+00:00, 1682017999
PIKA, 7989, https://www.dextools.io/app/en/ether/pair-explorer/0x524233a24E62fF46102f61C768B9927BA549F0Ea, 2023-04-20 15:38:55+00:00, 1682019535
LMEOW, 408836, https://www.dextools.io/app/en/ether/pair-explorer/0x5F99C811b4c26f0aFb4072Ee6Cc99D3a03b75eE7, 2023-04-20 15:53:53+00:00, 1682020433
WHATIF, 290393, https://www.dextools.io/app/en/ether/pair-explorer/0xf44D5a7903a50fF614B9e956597203a95F9Bd920, 2023-04-20 16:06:20+00:00, 1682021180
NOPE, 26117, https://www.dextools.io/app/en/ether/pair-explorer/0x79084a5dDE973bb870F7B3D8e958543223DeC357, 2023-04-20 16:17:47+00:00, 1682021867
AMIGO, 68550, https://www.dextools.io/app/en/ether/pair-explorer/0xA4fBaF3448AC9086cc4fD63fEa6E80D6B39CF898, 2023-04-20 16:21:17+00:00, 1682022077
PEPELAUGH, 43491, https://www.dextools.io/app/en/ether/pair-explorer/0x4AC575349047bCD97c75C2695a757fd51191EF21, 2023-04-20 17:35:23+00:00, 1682026523
ElonPepe, 34381, https://www.dextools.io/app/en/ether/pair-explorer/0x2f75329C7A829FA23BFDe4ca00D98056247B804f, 2023-04-20 17:37:55+00:00, 1682026675
KEKO, 264417, https://www.dextools.io/app/en/ether/pair-explorer/0x2c7f442AaB99D5e18CfAE2291c507c0b5f3c1eb5, 2023-04-20 17:46:29+00:00, 1682027189
GUMMY, 44224, https://www.dextools.io/app/en/ether/pair-explorer/0x847B822017cdB742EF2766A162D3E78AFc01E66C, 2023-04-20 18:29:28+00:00, 1682029768
GAINZ, 256422, https://www.dextools.io/app/en/ether/pair-explorer/0x132eC74194E46d0dc5E4b3c27FC1EF9cc004ED16, 2023-04-20 18:49:47+00:00, 1682030987
GIGACHAD, 229250, https://www.dextools.io/app/en/ether/pair-explorer/0x1b3f27eb85BB1196F2B803e363d27e589cA6D3BA, 2023-04-20 18:58:46+00:00, 1682031526
UMAD, 32258, https://www.dextools.io/app/en/ether/pair-explorer/0x680dF03B304E6e9479423c9b2B8474aa7515Ec00, 2023-04-20 19:23:43+00:00, 1682033023
CHOAD, 41614, https://www.dextools.io/app/en/ether/pair-explorer/0x9c42136bFa4E041d3db1f4602034a40713Cf07d7, 2023-04-20 19:30:07+00:00, 1682033407
$PEPEINU, 174293, https://www.dextools.io/app/en/ether/pair-explorer/0x99cFB8cBA9c821B4a343c6a1Fc630465C9708DF5, 2023-04-20 19:45:59+00:00, 1682034359
ZOO, 256256, https://www.dextools.io/app/en/ether/pair-explorer/0x6009357e13461360612eeBF67181aF187b54AF12, 2023-04-20 20:12:35+00:00, 1682035955
CUT, 112106, https://www.dextools.io/app/en/ether/pair-explorer/0xC5068471FE18Eda3b362231d01ae30bA6A91fF0d, 2023-04-20 20:28:06+00:00, 1682036886
GRIPPY, 30537, https://www.dextools.io/app/en/ether/pair-explorer/0x6b08Cd9d07Eb604E3E30615521eB286a0CeBDe4C, 2023-04-20 20:54:54+00:00, 1682038494
TISM, 73747, https://www.dextools.io/app/en/ether/pair-explorer/0x97c565CA2256e01F6a63A5e448f9818f1dA5f394, 2023-04-20 21:13:56+00:00, 1682039636
PEW, 52090, https://www.dextools.io/app/en/ether/pair-explorer/0x2E4277ecbA470cfC5b571e6aeeA6f4Fc6cf871d6, 2023-04-20 21:51:29+00:00, 1682041889
PENNY, 269198, https://www.dextools.io/app/en/ether/pair-explorer/0xd3192Ace2C01ed2B6Ee870523Fb7f260c7B89607, 2023-04-20 21:56:42+00:00, 1682042202
PPC, 149587, https://www.dextools.io/app/en/ether/pair-explorer/0x01E006708440ea4Ec259869232B4127089E9753d, 2023-04-20 22:27:32+00:00, 1682044052
JARED, 245048, https://www.dextools.io/app/en/ether/pair-explorer/0xcb4f7Ed59A4feDBDcA972bb18007c833f70C0A08, 2023-04-20 22:57:56+00:00, 1682045876
USDC, 29408696833, https://www.dextools.io/app/en/ether/pair-explorer/0xA0b86991c6218b36c1d19D4a2e9Eb0cE3606eB48, 2023-04-20 23:26:21+00:00, 1682047581
DROOPY, 46370, https://www.dextools.io/app/en/ether/pair-explorer/0x904d6568a92D964A2C8D6c68C22B61Ef1a15e280, 2023-04-21 00:06:19+00:00, 1682049979
ATLAS, 624387, https://www.dextools.io/app/en/ether/pair-explorer/0x39fdF3e1A59fdf61AA8a5B417F3B091Aa1C4f62A, 2023-04-21 00:22:53+00:00, 1682050973
PONZI, 76380, https://www.dextools.io/app/en/ether/pair-explorer/0x53c45AB1069d1B486ebA10eCD9A2fa83d8cb7e9d, 2023-04-21 01:04:30+00:00, 1682053470
DED, 331768, https://www.dextools.io/app/en/ether/pair-explorer/0xdBBE358Fead311b4089B8BF30F455c041E67f5f4, 2023-04-21 01:10:57+00:00, 1682053857
HFSP, 112330, https://www.dextools.io/app/en/ether/pair-explorer/0x26f76cF9a8f8d3b8915922cD46E8D8194f633573, 2023-04-21 01:17:19+00:00, 1682054239
DEAL, 167945, https://www.dextools.io/app/en/ether/pair-explorer/0x276fCb60830878354586c52D0227A76ecb901c33, 2023-04-21 01:23:32+00:00, 1682054612
PAIN, 127141, https://www.dextools.io/app/en/ether/pair-explorer/0x556d19eC20f7FFFdFBE1A2c2403737eBCded96CA, 2023-04-21 01:43:55+00:00, 1682055835
PUMP, 0, https://www.dextools.io/app/en/ether/pair-explorer/0x77c36aA8F9A0914a8D3270617262527439E5e311, 2023-04-21 02:13:40+00:00, 1682057620
POPE, 17589, https://www.dextools.io/app/en/ether/pair-explorer/0xE4F7490d25d87EBa921FA6095CA934BF7bb9Ec4b, 2023-04-21 03:08:07+00:00, 1682060887
miniPEPE, 13587, https://www.dextools.io/app/en/ether/pair-explorer/0xff22A03F3D8C20dDC1B321FC5e3E56Df2446aFFf, 2023-04-21 03:24:16+00:00, 1682061856
PEPEPRINTER, 76324, https://www.dextools.io/app/en/ether/pair-explorer/0x0E513129D8D9BD192b2B6f609afE0D2E0Ed715b8, 2023-04-21 03:42:30+00:00, 1682062950
SITH, 12473, https://www.dextools.io/app/en/ether/pair-explorer/0x6671a23E3705EF4E05bd03aE662d384D609020dc, 2023-04-21 03:49:20+00:00, 1682063360
Da Ba Dee, 44763, https://www.dextools.io/app/en/ether/pair-explorer/0xEDfE11B7bC7C83A0cF2459CE3bB9641b7Cd2c6fd, 2023-04-21 04:12:44+00:00, 1682064764
PeePee, 79917, https://www.dextools.io/app/en/ether/pair-explorer/0x4761432AADD5E137CC2d498d45d070083fe3705D, 2023-04-21 04:45:08+00:00, 1682066708
FUD, 106801, https://www.dextools.io/app/en/ether/pair-explorer/0x306F1bb5c8F401679e2c11201116631fbDf83626, 2023-04-21 05:26:54+00:00, 1682069214
SNEED, 109347, https://www.dextools.io/app/en/ether/pair-explorer/0x8cbf530219037cEC95Db91Db8EeeCB3661968865, 2023-04-21 05:53:33+00:00, 1682070813
MFER, 213606, https://www.dextools.io/app/en/ether/pair-explorer/0x1Ae92af64dC1A73Ae5C94905DA6daB8D413Da458, 2023-04-21 06:09:45+00:00, 1682071785
1000x, 40872, https://www.dextools.io/app/en/ether/pair-explorer/0xBE6E86c93dD148fA9b424f99Ec94DA5F4f70d0f7, 2023-04-21 06:47:32+00:00, 1682074052
BALLS, 36874, https://www.dextools.io/app/en/ether/pair-explorer/0x461ce61ca0fDA90241E6561D1d66038139dF9cFa, 2023-04-21 07:20:54+00:00, 1682076054
BING, 43685, https://www.dextools.io/app/en/ether/pair-explorer/0x8d083c872f338dF9407B8C8c57ff75c5024ceFc4, 2023-04-21 07:31:57+00:00, 1682076717
WSB, 59584, https://www.dextools.io/app/en/ether/pair-explorer/0x15F20f9DFDf96CCf6AC96653b7C0aBfe4A9C9f0f, 2023-04-21 08:11:28+00:00, 1682079088
DEFROGS, 17326, https://www.dextools.io/app/en/ether/pair-explorer/0x7869CcC7f3Bc085466EDcbCe3F137F2A0ca4a7E0, 2023-04-21 08:45:17+00:00, 1682081117
PIXELPEP, 20268, https://www.dextools.io/app/en/ether/pair-explorer/0x83804C858fbDC3C217B3642B5E520Ac675642FE0, 2023-04-21 09:54:30+00:00, 1682085270
PETROLL, 18083, https://www.dextools.io/app/en/ether/pair-explorer/0xD78C8744B58234F811DEB90A737B4efa624deE91, 2023-04-21 10:29:17+00:00, 1682087357
YAOMING, 52322, https://www.dextools.io/app/en/ether/pair-explorer/0x34e89D7708fa90080b3ab6ce78c03ab5e1677cf6, 2023-04-21 11:04:54+00:00, 1682089494
SYNNAX, 95721, https://www.dextools.io/app/en/ether/pair-explorer/0x85d292D460fDCE31ec9240D084D0F80C356fA820, 2023-04-21 11:38:41+00:00, 1682091521
oPEPE, 17685, https://www.dextools.io/app/en/ether/pair-explorer/0x906440A8E73c4d234Fc6E9Bb6C29e4C34332ca98, 2023-04-21 12:12:39+00:00, 1682093559
FORKY, 49089, https://www.dextools.io/app/en/ether/pair-explorer/0x2ff2725275c49Dec9cA721D9939C15856399a26F, 2023-04-21 12:51:40+00:00, 1682095900
BELUGA, 22172, https://www.dextools.io/app/en/ether/pair-explorer/0xA20B91DDC7cfD0B44c7A6Bb37C715d53F7Cb3Cf1, 2023-04-21 13:45:55+00:00, 1682099155
SOYJAK, 67565, https://www.dextools.io/app/en/ether/pair-explorer/0xcae8C1688C37f75fA4c5051dd25De4C5400F1F6c, 2023-04-21 14:17:43+00:00, 1682101063
GRANDPEPE, 67812, https://www.dextools.io/app/en/ether/pair-explorer/0x5c9D7f0B4F7D65aAA4eeCbf5B22A57a483682bb1, 2023-04-21 14:52:19+00:00, 1682103139
WENMOON, 13348, https://www.dextools.io/app/en/ether/pair-explorer/0x25D9563B4F70f75d83eAB7abFC9E6308D017312F, 2023-04-21 15:39:33+00:00, 1682105973
SKELETOR, 54118, https://www.dextools.io/app/en/ether/pair-explorer/0x254Ee3Cb70e76162c4DAdB9c9061C86eE7253F44, 2023-04-21 16:29:55+00:00, 1682108995
RR, 15146, https://www.dextools.io/app/en/ether/pair-explorer/0x314040819453A17372F98B67002fc3071E9980b0, 2023-04-21 17:00:50+00:00, 1682110850
SENKEN, 168321, https://www.dextools.io/app/en/ether/pair-explorer/0x4341535053384c6b130F0e703A4f906BBDb9d645, 2023-04-21 17:03:02+00:00, 1682110982
POPO, 42278, https://www.dextools.io/app/en/ether/pair-explorer/0xfE8546F4Ac4180638edBC9eF9a5820450788e2Ea, 2023-04-21 17:24:32+00:00, 1682112272
$PEPUMP, 87145, https://www.dextools.io/app/en/ether/pair-explorer/0xC117fe5f09afc975c8d4e3b8438a7ccEc425DD96, 2023-04-21 17:56:56+00:00, 1682114216
cnPEPE, 874464, https://www.dextools.io/app/en/ether/pair-explorer/0x18E1924EFE45C5d1Cb8CaABF635869251ED41012, 2023-04-21 18:49:55+00:00, 1682117395
Doodle, 115962, https://www.dextools.io/app/en/ether/pair-explorer/0xEB1bb67BB00617830FB451ef9bFf96FA506AC6B2, 2023-04-21 18:54:04+00:00, 1682117644
PEPET, 91736, https://www.dextools.io/app/en/ether/pair-explorer/0xD592Bf380660a4F0B63C046CA0Aa4dF10fD9c894, 2023-04-21 19:04:31+00:00, 1682118271
PEPPA, 30043, https://www.dextools.io/app/en/ether/pair-explorer/0xEB54469841a8b496606944A2D30AeCDc31a2e2f5, 2023-04-21 19:38:43+00:00, 1682120323
BBPP, 290329, https://www.dextools.io/app/en/ether/pair-explorer/0x5dD0F5dA07E9C63F2d216179311EF8cB68ABb629, 2023-04-21 19:48:09+00:00, 1682120889
SAFECHAD, 95401, https://www.dextools.io/app/en/ether/pair-explorer/0xEc6ECFc4cc7FEb709A4e8CeB8B8686657Fe48986, 2023-04-21 19:51:40+00:00, 1682121100
WAGBO, 91948, https://www.dextools.io/app/en/ether/pair-explorer/0x18ABDD0A0955a1bf8c85353c1228e182F9cFA026, 2023-04-21 20:06:18+00:00, 1682121978
KOKA, 40615, https://www.dextools.io/app/en/ether/pair-explorer/0xf6a9f3d1E4F3c1FDEDeB4804783ba3eDaCf4F141, 2023-04-21 20:23:31+00:00, 1682123011
PEPULSE, 47207, https://www.dextools.io/app/en/ether/pair-explorer/0x64DcDa7e20F824b5cEA46A38b412C40b67A14F68, 2023-04-21 20:27:21+00:00, 1682123241
BRRR, 268787, https://www.dextools.io/app/en/ether/pair-explorer/0x3bb9B3c8979Aa1B29419A6BeFd87C0714eE2f644, 2023-04-21 20:59:20+00:00, 1682125160
PEPEDOGE, 306104, https://www.dextools.io/app/en/ether/pair-explorer/0xB8C55c80a1cb7394088a36C6b634dC2Bf3C6fb67, 2023-04-21 21:28:10+00:00, 1682126890
SPODERMAN, 218523, https://www.dextools.io/app/en/ether/pair-explorer/0x9066d22bA141d1B922bbC847bEacc65719d8624f, 2023-04-21 23:05:17+00:00, 1682132717
SWOLPEPE, 249949, https://www.dextools.io/app/en/ether/pair-explorer/0xE48434E4BF2adFDE00b6F2de3AfF0b58eA94b0F5, 2023-04-21 23:19:54+00:00, 1682133594
SNAKE, 78469, https://www.dextools.io/app/en/ether/pair-explorer/0x4D9Ed4AF7FA0F80E57F465216C094a57a199b8b4, 2023-04-22 00:06:30+00:00, 1682136390
FKB, 84531, https://www.dextools.io/app/en/ether/pair-explorer/0x0F0040823EB737cA400A440D2E02ee1dF0AdF26d, 2023-04-22 02:46:28+00:00, 1682145988
SIMP, 24814, https://www.dextools.io/app/en/ether/pair-explorer/0x001102EdbddCa9e4d53175484ABEAEce5c8B5522, 2023-04-22 02:49:30+00:00, 1682146170
TOTHEMOON, 49306, https://www.dextools.io/app/en/ether/pair-explorer/0xf92fbF2c8166A7A4978dB6847A4A39C0BE0e73cd, 2023-04-22 02:49:43+00:00, 1682146183
SOP, 57345, https://www.dextools.io/app/en/ether/pair-explorer/0x4a99F51438442004C16327Dcec4D1943d020741f, 2023-04-22 03:19:22+00:00, 1682147962
KETNIPZ, 11020, https://www.dextools.io/app/en/ether/pair-explorer/0x9DE334b85c7A0e14b2c3304C6044dbB8BA86Ec56, 2023-04-22 03:24:45+00:00, 1682148285
Keroppi, 30391, https://www.dextools.io/app/en/ether/pair-explorer/0xcd4d33B74e0F480F35F884B0531EC4A50cD4f550, 2023-04-22 04:14:15+00:00, 1682151255
FKJEET, 58913, https://www.dextools.io/app/en/ether/pair-explorer/0x9d675F6ba43a4C7031a3d81e4418F89e014cB3c7, 2023-04-22 04:25:56+00:00, 1682151956
FROGE, 161495, https://www.dextools.io/app/en/ether/pair-explorer/0xa9Fd5065A3b57A91bF2E8029406C64d3e27eb49a, 2023-04-22 04:35:08+00:00, 1682152508
ROOMIE, 54260, https://www.dextools.io/app/en/ether/pair-explorer/0x030D087BFb025268F129a1979BdA8eD3a6191A02, 2023-04-22 04:57:20+00:00, 1682153840
LENNY, 88748, https://www.dextools.io/app/en/ether/pair-explorer/0x72a0Fd39B7A1498FEe0e4e3AdaF20A342A54c9f5, 2023-04-22 05:42:55+00:00, 1682156575
YEEHAW, 117203, https://www.dextools.io/app/en/ether/pair-explorer/0x3f2cA0782Aa8bBBbfE3F5fe664a8e119896dB213, 2023-04-22 05:47:07+00:00, 1682156827
PEPEGAME, 135109, https://www.dextools.io/app/en/ether/pair-explorer/0x29cB55E89c17bEF33119d4C7C5377E3Bd08b3A4c, 2023-04-22 07:12:02+00:00, 1682161922
BITBOY, 56819, https://www.dextools.io/app/en/ether/pair-explorer/0x6e566EEFd6159F6a2590113B06840354FE6dB3c3, 2023-04-22 07:29:56+00:00, 1682162996
PEPESHIBA, 20826, https://www.dextools.io/app/en/ether/pair-explorer/0xBab3bC9066cb00912013353EF8f530389b7742De, 2023-04-22 07:54:08+00:00, 1682164448
USDT, 36261990169, https://www.dextools.io/app/en/ether/pair-explorer/0xdAC17F958D2ee523a2206206994597C13D831ec7, 2023-04-22 08:25:50+00:00, 1682166350
SNP, 293081, https://www.dextools.io/app/en/ether/pair-explorer/0x795dBF627484F8248D3d6c09c309825c1563E873, 2023-04-22 08:42:09+00:00, 1682167329
FLIP, 45415, https://www.dextools.io/app/en/ether/pair-explorer/0xEf00b2a6748FFf5955052b5Eb92420F21f734064, 2023-04-22 09:29:29+00:00, 1682170169
PEPEFLOKI, 50472, https://www.dextools.io/app/en/ether/pair-explorer/0x6d6063eD8549a9D84fA2dEb5B936c6199e388b4E, 2023-04-22 09:54:06+00:00, 1682171646
PEPEGENSLER, 6777, https://www.dextools.io/app/en/ether/pair-explorer/0x13C29864C077E38EccaF34549d74F42DC59Ae91C, 2023-04-22 10:43:55+00:00, 1682174635
PEPOKI, 30477, https://www.dextools.io/app/en/ether/pair-explorer/0x2Ca85a616c041292b75C3C6BaEB4FC98c42EC36d, 2023-04-22 10:47:06+00:00, 1682174826
HOLD, 26004, https://www.dextools.io/app/en/ether/pair-explorer/0xc5C51e0c49d04ec048E3d72fB3b7A8B7ED85585C, 2023-04-22 12:09:29+00:00, 1682179769
VEILED, 65054, https://www.dextools.io/app/en/ether/pair-explorer/0xf07d9ad52b6aa42fbcAE898129d6E532ef54425a, 2023-04-22 12:32:06+00:00, 1682181126
DREW, 32818, https://www.dextools.io/app/en/ether/pair-explorer/0x5D3dE968b4B4710323dAeA723aBfD737CabaddC3, 2023-04-22 12:37:39+00:00, 1682181459
LBR, 21581619, https://www.dextools.io/app/en/ether/pair-explorer/0xC98835e792553e505AE46e73a6fD27a23985aCcA, 2023-04-22 13:33:04+00:00, 1682184784
NARUTO, 70208, https://www.dextools.io/app/en/ether/pair-explorer/0xAD8D0de33C43eEFe104A279cDB6Ae250C12e6214, 2023-04-22 14:33:18+00:00, 1682188398
PepeBTC, 91094, https://www.dextools.io/app/en/ether/pair-explorer/0xa4A24223eAdB75Fe6b4Bb829cf641a4deC244B64, 2023-04-22 15:02:18+00:00, 1682190138
ME, 100568, https://www.dextools.io/app/en/ether/pair-explorer/0x673DC02fA3aF1DB46A9dE6FCBb8E7b64EAed8aE8, 2023-04-22 15:03:45+00:00, 1682190225
CYPEP, 23540, https://www.dextools.io/app/en/ether/pair-explorer/0xd234e6C4F1fb76eEf7d14665B8D0EDB547D3525B, 2023-04-22 15:05:45+00:00, 1682190345
TOTOFO, 144515, https://www.dextools.io/app/en/ether/pair-explorer/0x0ADCfDFe9E88D28cC4C1dAaC9CC021067aFF9B0C, 2023-04-22 15:28:56+00:00, 1682191736
RUG, 337343, https://www.dextools.io/app/en/ether/pair-explorer/0xc1bDFd4C6daBA0F875EA6fBf121F08D1dafe0241, 2023-04-22 16:40:59+00:00, 1682196059
METRO, 82102, https://www.dextools.io/app/en/ether/pair-explorer/0x69b5113123f231B5c22Ae8091CcF6d415D41b2a5, 2023-04-22 16:43:54+00:00, 1682196234
FIREGENSLER, 52381, https://www.dextools.io/app/en/ether/pair-explorer/0x8082D321728383fDc25BaeC46a7834cb2fc21EFF, 2023-04-22 17:00:58+00:00, 1682197258
SASUKE, 97380, https://www.dextools.io/app/en/ether/pair-explorer/0xD2304E7b1e6390AbaA4Eb3e9A1dB90B755a85373, 2023-04-22 17:11:18+00:00, 1682197878
KAT, 14925, https://www.dextools.io/app/en/ether/pair-explorer/0x98665c534cC09c2B1981A93f9eFEf0A48e15423F, 2023-04-22 18:05:08+00:00, 1682201108
STONKS, 34123, https://www.dextools.io/app/en/ether/pair-explorer/0x31E39B680AAa18375Be1b8fF4D4fF095e029e6C3, 2023-04-22 18:19:53+00:00, 1682201993
PEPESTONKS, 21104, https://www.dextools.io/app/en/ether/pair-explorer/0xc2b562Eb18B816bB7B1D002B06A68Bc8469a9223, 2023-04-22 18:27:43+00:00, 1682202463
FLURBO, 95360, https://www.dextools.io/app/en/ether/pair-explorer/0xA6e0c286Cc1d64b69DC91b0A2C5d16B8C4466Fe2, 2023-04-22 18:28:53+00:00, 1682202533
Fepe, 30595, https://www.dextools.io/app/en/ether/pair-explorer/0x1aE98086A5Ff4F89Bdb6391861213443D476B7F1, 2023-04-22 18:39:09+00:00, 1682203149
GOKU, 52327, https://www.dextools.io/app/en/ether/pair-explorer/0x62796C03e2b9Eeee7591A28D796a4E67CA7D4652, 2023-04-22 19:14:33+00:00, 1682205273
Chess, 24995, https://www.dextools.io/app/en/ether/pair-explorer/0xCE012740FDD250fC93BDA5bAcC1E57a999bF6D3a, 2023-04-22 19:30:08+00:00, 1682206208
SINU, 53959, https://www.dextools.io/app/en/ether/pair-explorer/0x4AAF8b9bb01fCdBBe8a463f28F1fc7fC126910Da, 2023-04-22 19:42:52+00:00, 1682206972
Boruto, 35166, https://www.dextools.io/app/en/ether/pair-explorer/0x62fc0037E63a50e11D788B8b18522D920C4764Cf, 2023-04-22 19:59:20+00:00, 1682207960
LUFFY, 66965, https://www.dextools.io/app/en/ether/pair-explorer/0xCCbaCD41eFC14D1f60c983BBA8F75D9890Ad5c1A, 2023-04-22 20:34:52+00:00, 1682210092
SATOSHI, 72078, https://www.dextools.io/app/en/ether/pair-explorer/0xCE84491ecF2b089BD77514AE4b8bb9a4368F9724, 2023-04-22 20:42:07+00:00, 1682210527
ONEPIECE, 42587, https://www.dextools.io/app/en/ether/pair-explorer/0x49ef7faaECC944373d69B290cCA9986069c94D02, 2023-04-22 21:13:59+00:00, 1682212439
SAITAMA, 64497, https://www.dextools.io/app/en/ether/pair-explorer/0x54309BCD1dc518F2708842688913FA0bEA10C210, 2023-04-22 21:17:42+00:00, 1682212662
Killua, 22145, https://www.dextools.io/app/en/ether/pair-explorer/0x9341D7cd3866Ad1585cFFfec2dEf8cd8fE12EAb1, 2023-04-22 21:34:31+00:00, 1682213671
KIRA, 31111, https://www.dextools.io/app/en/ether/pair-explorer/0x3715aEFE58a721825C1e1422196C9815A9068654, 2023-04-22 21:44:45+00:00, 1682214285
ITACHI, 25691, https://www.dextools.io/app/en/ether/pair-explorer/0x0f8085716d99EF06fA7F3b117F8dE92434a6B386, 2023-04-22 22:06:58+00:00, 1682215618
Akatsuki, 33649, https://www.dextools.io/app/en/ether/pair-explorer/0xb8716C596eB96C4bfDAd28129C11D5172A14F670, 2023-04-22 22:31:29+00:00, 1682217089
AKINU, 6428, https://www.dextools.io/app/en/ether/pair-explorer/0xDd5aecE11D50EA5923016641b494223893C862f4, 2023-04-22 22:37:32+00:00, 1682217452
Hinata, 93122, https://www.dextools.io/app/en/ether/pair-explorer/0x42dDEFD7a35164075677Fe74EDAdb37475BdDa54, 2023-04-22 23:03:56+00:00, 1682219036
OnePiece, 21678, https://www.dextools.io/app/en/ether/pair-explorer/0x5160a34cAdD06aA12469850a4b9fEa636162FD25, 2023-04-22 23:24:18+00:00, 1682220258
NADA, 6005404, https://www.dextools.io/app/en/ether/pair-explorer/0xFf1411fa907487b381Dc26411B95eDCB64948fAE, 2023-04-22 23:46:57+00:00, 1682221617
BORUTO, 52902, https://www.dextools.io/app/en/ether/pair-explorer/0x50950DE004457C20086Ef8A536c50ef99Ea48E46, 2023-04-23 00:32:19+00:00, 1682224339
KURAMA, 43108, https://www.dextools.io/app/en/ether/pair-explorer/0xC25c109E1a70737832201f9287e705B199B539eA, 2023-04-23 01:00:24+00:00, 1682226024
VITGF, 61638, https://www.dextools.io/app/en/ether/pair-explorer/0x3aD94c6aa9c22EE1E9cAfF4C4098910f404E712b, 2023-04-23 01:09:19+00:00, 1682226559
ANDY, 77353, https://www.dextools.io/app/en/ether/pair-explorer/0x805bE90C8f3fA0D462450f03e8d2462160Eb2287, 2023-04-23 01:30:07+00:00, 1682227807
RAPE, 37950, https://www.dextools.io/app/en/ether/pair-explorer/0xaEFAd2Ce578aDBf6e98377d604B3BF6D7cF125Bb, 2023-04-23 01:53:43+00:00, 1682229223
NEZUKO, 125016, https://www.dextools.io/app/en/ether/pair-explorer/0x049715C70fDbdD2be4814f76a53Dc3D6F4367756, 2023-04-23 02:21:10+00:00, 1682230870
YuGi, 107757, https://www.dextools.io/app/en/ether/pair-explorer/0x2e4eb26fA4C737e7dA161D538a58d99C8c858B19, 2023-04-23 02:25:43+00:00, 1682231143
APEPE, 21357, https://www.dextools.io/app/en/ether/pair-explorer/0xb656fe66E9360ce1e1c2Ee84006a37B95c95B8b0, 2023-04-23 03:08:39+00:00, 1682233719
COBY, 51346, https://www.dextools.io/app/en/ether/pair-explorer/0x9d9dAd6e618C21EC4b60Ac3f7132C98c5d3Fd868, 2023-04-23 04:26:18+00:00, 1682238378
Engineer, 100915, https://www.dextools.io/app/en/ether/pair-explorer/0x613591890727c5bFa77DC504eBC6b0f57C9d9b26, 2023-04-23 04:28:20+00:00, 1682238500
SMOON, 73242, https://www.dextools.io/app/en/ether/pair-explorer/0xF3998f04d9a6106e30f44b15b7304CF0670Ae250, 2023-04-23 04:55:56+00:00, 1682240156
SHINCHAN, 80285, https://www.dextools.io/app/en/ether/pair-explorer/0x932C68598bC7858B1D482729CA3A34F10cCa611F, 2023-04-23 04:56:17+00:00, 1682240177
LUCY, 48379, https://www.dextools.io/app/en/ether/pair-explorer/0x6D5E8dB1d4F314C44d5928B21dDB51656AeAa926, 2023-04-23 05:05:41+00:00, 1682240741
BabyNaruto, 76417, https://www.dextools.io/app/en/ether/pair-explorer/0xe44a9CE41Ae7b31A99DA021dFF821CB42D5Cdc39, 2023-04-23 06:10:18+00:00, 1682244618
MADARA, 40575, https://www.dextools.io/app/en/ether/pair-explorer/0x73627725538467549053b049d44fE43577E80268, 2023-04-23 06:34:34+00:00, 1682246074
VIBES, 224187, https://www.dextools.io/app/en/ether/pair-explorer/0x01848a7707CD018843AEc3D412a331D6FD4426A5, 2023-04-23 07:06:19+00:00, 1682247979
TANJIRO, 121505, https://www.dextools.io/app/en/ether/pair-explorer/0xdb792E8E08f113271072626fBf6e5A827A72ef39, 2023-04-23 07:15:31+00:00, 1682248531
Shenron, 57659, https://www.dextools.io/app/en/ether/pair-explorer/0x2Cf03bf2f7467Dd665470190030aAE4a9322041A, 2023-04-23 09:05:19+00:00, 1682255119
PAPA, 104278, https://www.dextools.io/app/en/ether/pair-explorer/0x6C4C193bff0a117F0C2B516802abbA961A1Eeb12, 2023-04-23 09:07:03+00:00, 1682255223
HINATA, 79835, https://www.dextools.io/app/en/ether/pair-explorer/0x1EaBa44174f5a9eA0434D6177bd813B335552d4f, 2023-04-23 09:08:33+00:00, 1682255313
FTN, 49455, https://www.dextools.io/app/en/ether/pair-explorer/0xa8C195109339C8D41057Ab0296dE2Dc1F655f874, 2023-04-23 09:56:30+00:00, 1682258190
SANNIN, 33734, https://www.dextools.io/app/en/ether/pair-explorer/0x1Ab2009C66517D8Af96Aebc256BFe5f5568ef6C2, 2023-04-23 10:37:40+00:00, 1682260660
HASHIRAMA, 47678, https://www.dextools.io/app/en/ether/pair-explorer/0xAd56dd2C30B553b13b6f6D6dfa28e4CdaD15399C, 2023-04-23 11:41:42+00:00, 1682264502
OSAK, 1490194, https://www.dextools.io/app/en/ether/pair-explorer/0xa21Af1050F7B26e0cfF45ee51548254C41ED6b5c, 2023-04-23 11:52:18+00:00, 1682265138
KAGURA, 49434, https://www.dextools.io/app/en/ether/pair-explorer/0x19a328e32cC2ba96802BD67BaBB4A3595f948647, 2023-04-23 11:59:55+00:00, 1682265595
BIDEN, 37935, https://www.dextools.io/app/en/ether/pair-explorer/0x9a07F85b5758A432F4bE4d512ff1AA25f4C7D35A, 2023-04-23 12:15:18+00:00, 1682266518
MYSTIX, 101505, https://www.dextools.io/app/en/ether/pair-explorer/0xF29C3A411960f940e82EB00cCE963Eb592fC5750, 2023-04-23 12:45:22+00:00, 1682268322
SAKATA, 30976, https://www.dextools.io/app/en/ether/pair-explorer/0xE6F6E3224c88Afaf3084bae9174820F0b2626dc8, 2023-04-23 12:48:43+00:00, 1682268523
OBITO, 19835, https://www.dextools.io/app/en/ether/pair-explorer/0x2b52e70C7707bEB8a425aD7eB173460a1b08D9F9, 2023-04-23 13:38:40+00:00, 1682271520
TAURID, 72548, https://www.dextools.io/app/en/ether/pair-explorer/0x9F7020ed51e7d956d8Ae086DF17c136659eeE000, 2023-04-23 13:54:28+00:00, 1682272468
Piccolo, 34439, https://www.dextools.io/app/en/ether/pair-explorer/0xBa3DA548C4e9698a8213d7d0D4f0C67395eF33Fb, 2023-04-23 15:03:33+00:00, 1682276613
DBZ, 90529, https://www.dextools.io/app/en/ether/pair-explorer/0xA947156E2F4c227D4891cCe2408aa0CB4F0f86cF, 2023-04-23 15:09:03+00:00, 1682276943
EREN, 52873, https://www.dextools.io/app/en/ether/pair-explorer/0x6aDC665E6f86D6a5E04F558D22d08782ffF8dB9b, 2023-04-23 15:26:31+00:00, 1682277991
BULL, 103941, https://www.dextools.io/app/en/ether/pair-explorer/0x9Be776559fED779cAbd67042a7B8987AAe592541, 2023-04-23 15:39:04+00:00, 1682278744
OBAMA, 32443, https://www.dextools.io/app/en/ether/pair-explorer/0x27aFD7657FbaC1bef9adecA781fa075cDAd2782e, 2023-04-23 16:28:41+00:00, 1682281721
YBOI, 77967, https://www.dextools.io/app/en/ether/pair-explorer/0xa9cAB01E89b44D7829ED9699DC20dbD80569C0e1, 2023-04-23 16:36:17+00:00, 1682282177
VEGETA, 28740, https://www.dextools.io/app/en/ether/pair-explorer/0x64469D5bF6F394Bc0345028d560d6fDcBe46B6ca, 2023-04-23 17:09:53+00:00, 1682284193
KAKASHI, 25354, https://www.dextools.io/app/en/ether/pair-explorer/0x760fA489735Fbc4d7dd7dd2fb3D061c8235Dfc14, 2023-04-23 17:41:44+00:00, 1682286104
Putin, 46042, https://www.dextools.io/app/en/ether/pair-explorer/0x82e6F3d792b9a5fBbA51aBDCb3934a6fdDF1CD07, 2023-04-23 17:47:56+00:00, 1682286476
SPGBB, 165151, https://www.dextools.io/app/en/ether/pair-explorer/0x64551fA4093c2D6c298cf1792740F884084a8F69, 2023-04-23 17:57:45+00:00, 1682287065
GOJO, 64229, https://www.dextools.io/app/en/ether/pair-explorer/0xdbee47E54d79a5C586D942b3e8cEAd9536Ff07A4, 2023-04-23 17:58:41+00:00, 1682287121
TRLLHEIM, 102133, https://www.dextools.io/app/en/ether/pair-explorer/0xE61BEDA67832cA6FF9C9e1194DEb0dcCFC98542F, 2023-04-23 19:00:45+00:00, 1682290845
$DEGEN, 1445732, https://www.dextools.io/app/en/ether/pair-explorer/0xf59Baa2a3D29c853236480C4fbB540D1c7c04277, 2023-04-23 19:11:16+00:00, 1682291476
FOXY, 345837, https://www.dextools.io/app/en/ether/pair-explorer/0x8fE9a0DD52aFE63513804c1D89bb72238Ecd6ED1, 2023-04-23 19:25:38+00:00, 1682292338
TMB, 169436, https://www.dextools.io/app/en/ether/pair-explorer/0x5D954C89dCC16bec511b9f712F01E21D5482096d, 2023-04-23 19:51:43+00:00, 1682293903
KEVIN, 49478, https://www.dextools.io/app/en/ether/pair-explorer/0xC83643e00e9790A2E5Ab98c9Bc12A702Aa50dbD9, 2023-04-23 19:59:34+00:00, 1682294374
ICHIGO, 27342, https://www.dextools.io/app/en/ether/pair-explorer/0x8D402De9E58a18ba54F14D6E484433Ce38D80A1c, 2023-04-23 20:06:06+00:00, 1682294766
BULLISH, 66521, https://www.dextools.io/app/en/ether/pair-explorer/0xe965124DA790b6220407Dd1146569534497ae100, 2023-04-23 20:10:41+00:00, 1682295041
RYUK, 21024, https://www.dextools.io/app/en/ether/pair-explorer/0xfeFd648a08A1Cec8f51481c72e58cFa3405Ed7b8, 2023-04-23 21:35:06+00:00, 1682300106
BISCO, 63533, https://www.dextools.io/app/en/ether/pair-explorer/0x429a4385AA2389eCb3b914e838C325ee60b428c7, 2023-04-23 21:44:22+00:00, 1682300662
HENTAI, 102182, https://www.dextools.io/app/en/ether/pair-explorer/0x6f4Eb2908F1e62bbe327144D4290F568296DD291, 2023-04-23 22:19:20+00:00, 1682302760
Suffer, 38165, https://www.dextools.io/app/en/ether/pair-explorer/0xa33619cbeAff9B2958B46Cea24E89Cd47Bce3046, 2023-04-23 22:29:20+00:00, 1682303360
KICHI, 35343, https://www.dextools.io/app/en/ether/pair-explorer/0xd223B385548D757a82dCF27244837515b9Ffc670, 2023-04-23 22:43:44+00:00, 1682304224
KCC, 27282, https://www.dextools.io/app/en/ether/pair-explorer/0xe23aE4DB3A09d85751683B8234FA04DD20B89906, 2023-04-23 22:44:19+00:00, 1682304259
SHUJI, 39897, https://www.dextools.io/app/en/ether/pair-explorer/0xEc150b02Ac8E8C223Fc4c4ffF07d465A5d004778, 2023-04-23 23:29:06+00:00, 1682306946
FREN, 72630, https://www.dextools.io/app/en/ether/pair-explorer/0x7A5f1B9aCdf5513c8b5fb534DDB3457C85f6274F, 2023-04-24 00:22:42+00:00, 1682310162
TIKTOK, 59251, https://www.dextools.io/app/en/ether/pair-explorer/0xb62D732bD00D5934f75eb1d30cb86B9dFD05EEC0, 2023-04-24 00:27:29+00:00, 1682310449
FREEDOM, 447594, https://www.dextools.io/app/en/ether/pair-explorer/0xa278E9C5632c237553Ea4b680AafFbcA911a577C, 2023-04-24 01:00:53+00:00, 1682312453
CATVIDS, 13816, https://www.dextools.io/app/en/ether/pair-explorer/0x58e4F9Cd29A6b313459432BB96463E91D3713A51, 2023-04-24 01:58:55+00:00, 1682315935
RWO, 198426, https://www.dextools.io/app/en/ether/pair-explorer/0x08c59c3cb2DDf685B2bB2F43406D9B1440718829, 2023-04-24 02:18:14+00:00, 1682317094
VIRGO, 44864, https://www.dextools.io/app/en/ether/pair-explorer/0xDAa160D4C1f048101Aafcd0af6006c378B7368B0, 2023-04-24 02:56:08+00:00, 1682319368
STFT, 37095, https://www.dextools.io/app/en/ether/pair-explorer/0x93a841507dCc0cC63FF70A251287Db135ff4363A, 2023-04-24 03:14:31+00:00, 1682320471
XCORP, 14038, https://www.dextools.io/app/en/ether/pair-explorer/0xf48B4C4acabBAFD0e90C1A1Bb60eFFbdEceBf258, 2023-04-24 03:30:48+00:00, 1682321448
PELO, 177033, https://www.dextools.io/app/en/ether/pair-explorer/0x3bCdDD52EE9F21323a2a1dd162B2175e471a02e0, 2023-04-24 03:49:51+00:00, 1682322591
GAS, 20464, https://www.dextools.io/app/en/ether/pair-explorer/0x84888dbD5ac0D29FFe92AB44b0E3E96d5be6625c, 2023-04-24 05:22:09+00:00, 1682328129
SEC, 144926, https://www.dextools.io/app/en/ether/pair-explorer/0xe6596405C65e95313508C2E66BDc3dEE3351328a, 2023-04-24 05:45:28+00:00, 1682329528
MAGA, 34158, https://www.dextools.io/app/en/ether/pair-explorer/0x3AFeF2F0770cF2325762B66Fd9BF14993f70158d, 2023-04-24 05:59:54+00:00, 1682330394
FED, 34887, https://www.dextools.io/app/en/ether/pair-explorer/0x1289CdE5794Ac467bA2B8423f70b38Eca9917b91, 2023-04-24 07:10:41+00:00, 1682334641
KERORO, 33060, https://www.dextools.io/app/en/ether/pair-explorer/0xd74fbe0B52Dc554AeaCB8C0eC7a20dd0433cb2DE, 2023-04-24 07:13:44+00:00, 1682334824
DEA, 39607, https://www.dextools.io/app/en/ether/pair-explorer/0xC261F914Cd3A01fa813Aa5C2673c48a33ee0bF2a, 2023-04-24 07:37:57+00:00, 1682336277
GAVIN, 89844, https://www.dextools.io/app/en/ether/pair-explorer/0x741996c46d5d654c7DC4D403C100D86143ae40ea, 2023-04-24 08:49:54+00:00, 1682340594
DRAKE, 17663, https://www.dextools.io/app/en/ether/pair-explorer/0xCDFdD5b6E5C7a6F066614d145Caa9A6df01690C1, 2023-04-24 09:04:19+00:00, 1682341459
RPEPE, 32560, https://www.dextools.io/app/en/ether/pair-explorer/0x13ccb2c12746F643657C4056f301E35B9291D79b, 2023-04-24 09:25:30+00:00, 1682342730
BTC2010, 16512, https://www.dextools.io/app/en/ether/pair-explorer/0x69F71a97cD274A444165Fd0f6767D2a46EcfE396, 2023-04-24 10:02:16+00:00, 1682344936
CLAUDE, 32326, https://www.dextools.io/app/en/ether/pair-explorer/0x70c4B09C43CBC61b55406Eea07d5F0c16C79018b, 2023-04-24 10:45:06+00:00, 1682347506
BTCBLUE, 13854, https://www.dextools.io/app/en/ether/pair-explorer/0x8CcAC53837882018A2957C019F8fEa2441A2dEa2, 2023-04-24 11:19:28+00:00, 1682349568
Doge2013, 21588, https://www.dextools.io/app/en/ether/pair-explorer/0x8197A11b477998602F2cFF1f46C1eF816fD369C7, 2023-04-24 11:34:30+00:00, 1682350470
VEILIX, 83777, https://www.dextools.io/app/en/ether/pair-explorer/0xF27B39f37Ac2F6847B63CdF7D0cE27CddE4e669D, 2023-04-24 12:31:27+00:00, 1682353887
RETARD, 871935, https://www.dextools.io/app/en/ether/pair-explorer/0x5973f93D1efbDcAa91BA2ABc7ae1f6926434bcB6, 2023-04-24 13:23:53+00:00, 1682357033
ATT, 49472, https://www.dextools.io/app/en/ether/pair-explorer/0x29d604804eFd155dee1dc083b03B5101Eebd93aC, 2023-04-24 13:40:02+00:00, 1682358002
SenseiAI, 16540, https://www.dextools.io/app/en/ether/pair-explorer/0xc23a75b6d3fD369019F70Adf4D36Fc68E0B8DaF3, 2023-04-24 13:40:33+00:00, 1682358033
PKPK, 15898, https://www.dextools.io/app/en/ether/pair-explorer/0xd2B02202889765EE82925612c6348E13BA54e544, 2023-04-24 14:11:31+00:00, 1682359891
ASTRIA, 117252, https://www.dextools.io/app/en/ether/pair-explorer/0x567F10aa2033Ef2BFbEAC10C580e16696EeC2f69, 2023-04-24 14:26:45+00:00, 1682360805
SENSEI, 83037, https://www.dextools.io/app/en/ether/pair-explorer/0x7BEc9861d7394e021375ec48D8124CC7a8Ed5071, 2023-04-24 14:31:09+00:00, 1682361069
AETHER, 39424, https://www.dextools.io/app/en/ether/pair-explorer/0xCba6762bA31BE6A47e54e73501E67D3acB2389B9, 2023-04-24 15:35:41+00:00, 1682364941
PARC, 69905, https://www.dextools.io/app/en/ether/pair-explorer/0x2592C4e3fA0566E0d0203De739dBb1273C6e931f, 2023-04-24 15:44:53+00:00, 1682365493
OFI, 171018, https://www.dextools.io/app/en/ether/pair-explorer/0x419E35E3515c2fDB652C898bF7A0B21FB20497dC, 2023-04-24 15:47:34+00:00, 1682365654
CHEMIST, 233632, https://www.dextools.io/app/en/ether/pair-explorer/0xb2efC103f94DEdA445C48a06b9a720e60829B77A, 2023-04-24 15:56:55+00:00, 1682366215
GigaChat, 27477, https://www.dextools.io/app/en/ether/pair-explorer/0xeE3D0e1C8A0cb6a13B13480bdF9f509FeAc5E798, 2023-04-24 16:29:31+00:00, 1682368171
